specimen_ID,digitizer,scale,x,y
AOI190709-001,AHB,141,1521,486
,,132.034,1403.5,587.5
,,141,1433.5,608.5
,,,1523.5,596.5
,,,1670.5,563.5
,,,1715.5,596.5
FJ170709-063,AHB,147.031,1263,597
,,138.033,1136.5,692.5
,,141.032,1145.5,716.5
,,,1244.5,710.5
,,,1415.5,674.5
,,,1460.5,713.5
FJ170712-011,AHB,147.031,1449,552
,,141,1322.5,629.5
,,141.032,1334.5,650.5
,,,1427.5,662.5
,,,1616.5,662.5
,,,1640.5,707.5
FJ190711-001,AHB,126,1398,510
,,138,1178.5,632.5
,,147.031,1190.5,659.5
,,,1358.5,683.5
,,,1595.5,677.5
,,,1640.5,755.5
FJ190827-007,AHB,144.031,1035,390
,,144.031,887.5,506.5
,,156,890.5,530.5
,,,1031.5,527.5
,,,1229.5,497.5
,,,1277.5,551.5
FJ190827-009,AHB,207.022,819,321
,,219,611.5,485.5
,,204,629.5,518.5
,,,806.5,509.5
,,,1091.5,455.5
,,,1157.5,509.5
FJ190827-017,AHB,129.035,885,594
,,144.031,722.5,674.5
,,150.12,725.5,695.5
,,,851.5,713.5
,,,1043.5,716.5
,,,1082.5,767.5
JG170708-021,AHB,141,1347,552
,,144,1220.5,647.5
,,147,1232.5,674.5
,,,1349.5,677.5
,,,1511.5,638.5
,,,1556.5,680.5
JG170712-022,AHB,159.028,1374,648
,,156,1235.5,746.5
,,141,1241.5,767.5
,,,1358.5,770.5
,,,1535.5,755.5
,,,1577.5,794.5
JG170712-028,AHB,147.031,1326,621
,,156.029,1181.5,725.5
,,153.264,1196.5,749.5
,,,1322.5,755.5
,,,1490.5,725.5
,,,1535.5,764.5
JG170712-049,AHB,141.032,1332,474
,,147,1181.5,569.5
,,141.032,1196.5,599.5
,,,1316.5,599.5
,,,1493.5,569.5
,,,1553.5,617.5
JL190619-006,AHB,144.031,1380,495
,,147,1190.5,617.5
,,141,1208.5,644.5
,,,1382.5,662.5
,,,1601.5,641.5
,,,1652.5,698.5
AOI190709-001,AZ,141,1075,486
,,139,1186.5,589.5
,,141.014,1169.167,605.5
,,141.014,1070.5,596.167
,,,918.5,562.833
,,,870.5,597.5
FJ170709-063,AZ,144.031,1333,590
,,138.033,1455.833,696.167
,,141.128,1443.833,716.167
,,141.032,1345.167,708.167
,,,1179.833,676.167
,,,1133.167,708.167
FJ170712-011,AZ,141.032,1135,544
,,144.031,1271.167,626.5
,,144.031,1261.833,650.5
,,138,1156.5,666.5
,,,983.167,659.833
,,,947.167,701.167
FJ190711-001,AZ,147.031,1200,501
,,138.13,1409.5,626.5
,,141,1403.5,659.5
,,141.032,1223.5,686.5
,,,992.5,683.5
,,,959.5,758.5
FJ190827-007,AZ,144.031,1575,904
,,144,1730.5,1047.5
,,147.031,1716.5,1067.5
,,144.031,1564.5,1053.5
,,,1372.5,1001.5
,,,1316.5,1049.5
FJ190827-009,AZ,142.014,1724,1048
,,146,1945.5,1195.5
,,146,1929.5,1231.5
,,142.014,1749.5,1235.5
,,,1479.5,1207.5
,,,1415.5,1271.5
FJ190827-017,AZ,138.232,1532,1160
,,148.216,1671.5,1271.5
,,140.357,1661.5,1291.5
,,142.225,1547.5,1285.5
,,,1353.5,1255.5
,,,1319.5,1291.5
JG170708-021,AZ,140.014,1238,546
,,136.059,1369.5,655.5
,,138.014,1359.5,673.5
,,144.056,1245.5,671.5
,,,1081.5,643.5
,,,1039.5,679.5
JG170712-022,AZ,140.057,1122,1130
,,140.057,1279.5,1243.5
,,140.129,1265.5,1265.5
,,148.054,1141.5,1261.5
,,,969.5,1231.5
,,,929.5,1271.5
JG170712-028,AZ,138,1250,611
,,140.057,1405.5,724.5
,,140.129,1395.5,748.5
,,142.056,1275.5,746.5
,,,1109.5,720.5
,,,1065.5,762.5
JG170712-049,AZ,138.014,1254,465
,,138.014,1413.5,570.5
,,142.056,1395.5,594.5
,,142.056,1269.5,596.5
,,,1095.5,572.5
,,,1041.5,616.5
JL190619-006,AZ,135,1198,489
,,132,1395.5,620.5
,,141.032,1381.5,648.5
,,138,1213.5,660.5
,,,993.5,638.5
,,,949.5,704.5
AOI190709-001,CH,105,1152,1076
,,106,1287.5,1147.5
,,101,1275.5,1171.5
,,,1179.5,1191.5
,,,1027.5,1191.5
,,,983.5,1227.5
FJ190711-001,CH,108,1196,496
,,112,1411.5,619.5
,,106,1399.5,659.5
,,,1227.5,683.5
,,,999.5,679.5
,,,943.5,771.5
JL190619-006,CH,100,1216,492
,,108,1387.5,623.5
,,104,1379.5,655.5
,,,1215.5,667.5
,,,995.5,639.5
,,,943.5,703.5
FJ170712-011,CH,104,1136,548
,,112.071,1271.5,623.5
,,108,1259.5,651.5
,,,1159.5,663.5
,,,983.5,659.5
,,,947.5,707.5
JG170712-049,CH,106,1255.5,475.5
,,101,1415.5,571.5
,,112,1391.5,603.5
,,,1263.5,603.5
,,,1087.5,567.5
,,,1043.5,619.5
FJ190827-007,CH,94.021,1723.5,1055.5
,,102.02,1947.5,1211.5
,,102,1927.5,1235.5
,,,1755.5,1239.5
,,,1479.5,1199.5
,,,1411.5,1275.5
FJ190827-009,CH,138.13,1770,318
,,150,1973.5,497.5
,,150,1955.5,527.5
,,,1769.5,515.5
,,,1493.5,461.5
,,,1409.5,527.5
JG170712-022,CH,102,1216,644
,,92.022,1359.5,751.5
,,100.02,1347.5,771.5
,,,1231.5,779.5
,,,1059.5,759.5
,,,1015.5,799.5
FJ170709-063,CH,100,1334,594
,,98,1457.5,689.5
,,98.02,1443.5,711.5
,,,1349.5,711.5
,,,1179.5,675.5
,,,1137.5,709.5
FJ190827-017,CH,102,1708,592
,,93.048,1871.5,675.5
,,108,1859.5,703.5
,,,1743.5,715.5
,,,1539.5,711.5
,,,1515.5,767.5
JG170708-021,CH,94.021,1080,1051
,,102,1208.5,1143.5
,,102,1196.5,1176.5
,,,1088.5,1179.5
,,,920.5,1158.5
,,,881.5,1197.5
JG170712-028,CH,98,1270,624
,,104,1410.5,725.5
,,102,1389.5,749.5
,,,1272.5,752.5
,,,1110.5,722.5
,,,1065.5,761.5
AOI190709-001,Samuel,142.004,1072,484
,,141.004,1186.833,586.167
,,140,1168.167,602.167
,,,1068.167,596.833
,,,920.167,563.5
,,,872.167,595.5
FJ170709-063,Samuel,138.014,1334,592
,,139.032,1456.167,693.5
,,140.057,1438.167,712.167
,,,1340.833,707.5
,,,1177.5,674.833
,,,1134.167,711.5
FJ170712-011,Samuel,139.004,1137.5,545.5
,,138.033,1275.5,626.5
,,138.033,1259.5,650.5
,,,1156.5,662.5
,,,984.5,658.5
,,,946.5,702.5
FJ190711-001,Samuel,139.004,1194,498
,,139,1407.5,622.5
,,141.004,1396.5,656.5
,,,1222.5,683.5
,,,997.5,682.5
,,,952.5,763.5
FJ190827-007,Samuel,139.004,1577,907
,,141,1728.833,1045.167
,,139,1710.167,1069.167
,,,1559.5,1049.167
,,,1367.5,998.5
,,,1315.5,1050.5
FJ190827-009,Samuel,201.04,1770,313
,,200.062,1971.5,483.167
,,204.039,1952.833,513.833
,,,1771.5,504.5
,,,1496.833,449.833
,,,1419.5,513.833
FJ190827-017,Samuel,142.032,1711,593
,,140.014,1865.5,671.5
,,139.004,1858.5,693.5
,,,1737.5,710.5
,,,1544.5,712.5
,,,1513.5,761.5
JG170708-021,Samuel,140.014,1242,549
,,139.014,1368.167,652.167
,,140.004,1352.167,674.167
,,,1242.167,672.833
,,,1078.833,644.167
,,,1036.167,682.833
JG170712-022,Samuel,140.014,1219,644
,,139.014,1356.5,742.5
,,138.014,1345.833,762.5
,,,1228.5,768.5
,,,1057.167,750.5
,,,1019.833,793.833
JG170712-028,Samuel,140,1265,621
,,139.004,1405.833,725.167
,,139.032,1389.167,748.5
,,,1275.167,748.5
,,,1107.167,723.167
,,,1061.167,761.167
JG170712-049,Samuel,139.014,1257,469
,,138.014,1407.833,573.833
,,141.032,1391.833,593.833
,,,1267.167,597.167
,,,1091.167,568.5
,,,1047.833,619.167
JL190619-006,Samuel,139.004,1212,499
,,142.004,1391.5,619.833
,,140.014,1375.5,649.167
,,,1210.833,660.5
,,,993.5,638.5
,,,943.5,704.5
AOI190709-001,CJS,140,1073,488
,,144,1184.5,588.167
,,141.004,1165.833,605.5
,,,1068.5,598.833
,,,919.167,566.833
,,,872.5,600.167
FJ170709-063,CJS,136.059,1334,595
,,139.014,1455.5,696.167
,,140.014,1439.5,713.5
,,,1344.833,708.167
,,,1178.167,677.5
,,,1136.833,709.5
FJ170712-011,CJS,138.014,1140,550
,,141.032,1274.833,629.5
,,141.057,1258.833,652.167
,,,1160.167,666.833
,,,984.167,661.5
,,,948.167,701.5
FJ190711-001,CJS,140.004,1198,502
,,140,1411.5,629.5
,,141,1395.5,665.5
,,,1221.5,689.5
,,,995.5,687.5
,,,951.5,765.5
FJ190827-007,CJS,144,1580,911
,,143.003,1727.5,1049.5
,,142.004,1711.5,1072.167
,,,1562.167,1050.833
,,,1368.833,1001.5
,,,1315.5,1052.167
FJ190827-009,CJS,204.088,1772,316
,,208.154,1973.5,489.5
,,206.119,1953.5,513.5
,,,1769.5,501.5
,,,1499.5,455.5
,,,1423.5,515.5
FJ190827-017,CJS,141.057,1712,589
,,141.014,1866.167,675.833
,,142.032,1860.833,697.167
,,,1740.833,714.5
,,,1542.167,714.5
,,,1515.5,765.167
JG170708-021,CJS,140.014,1244,551
,,137.015,1366.5,653.833
,,142.014,1350.5,676.5
,,,1239.833,676.5
,,,1079.833,645.833
,,,1035.833,683.167
JG170712-022,CJS,138.033,1219,647
,,139.032,1359.167,746.833
,,138.058,1341.833,765.5
,,,1227.167,772.167
,,,1060.5,750.833
,,,1020.5,798.833
JG170712-028,CJS,140.032,1267,622
,,140.057,1402.833,728.833
,,139.004,1390.833,747.5
,,,1273.5,748.833
,,,1108.167,723.5
,,,1060.167,763.5
JG170712-049,CJS,139.058,1332,470
,,140.014,1182.5,572.833
,,142.014,1199.833,595.5
,,,1326.5,598.167
,,,1498.5,571.5
,,,1539.833,620.833
JL190619-006,CJS,142,1379,502
,,140,1200.5,623.5
,,143,1214.5,649.5
,,,1382.5,659.5
,,,1598.5,641.5
,,,1642.5,705.5
AOI190709-001,EN,140.057,1520,485
,,144,1405.5,584.5
,,148,1417.5,606.5
,,,1519.5,596.5
,,,1671.5,562.5
,,,1717.5,594.5
FJ170709-063,EN,138.13,1255.5,591.5
,,141.032,1127.5,687.5
,,150.03,1145.5,715.5
,,,1247.5,705.5
,,,1413.5,673.5
,,,1453.5,711.5
FJ170712-011,EN,140.057,1553.5,1029.5
,,132.061,1453.5,1139.5
,,148.054,1467.5,1161.5
,,,1581.5,1139.5
,,,1731.5,1095.5
,,,1777.5,1131.5
FJ190711-001,EN,136.059,1391.5,499.5
,,148,1175.5,627.5
,,144.222,1187.5,663.5
,,,1359.5,683.5
,,,1587.5,679.5
,,,1635.5,763.5
FJ190827-007,EN,140,1016,908
,,128.062,859.5,1047.5
,,136.938,875.5,1075.5
,,,1019.5,1055.5
,,,1211.5,1003.5
,,,1275.5,1055.5
FJ190827-009,EN,200.639,819.5,315.5
,,188,619.5,491.5
,,208.346,627.5,515.5
,,,807.5,495.5
,,,1087.5,455.5
,,,1159.5,511.5
FJ190827-017,EN,128.25,886,592
,,136.235,721.5,675.5
,,140,723.5,695.5
,,,847.5,713.5
,,,1049.5,715.5
,,,1079.5,761.5
JG170708-021,EN,136.059,1348,548
,,132.061,1223.5,651.5
,,140.228,1231.5,671.5
,,,1339.5,675.5
,,,1507.5,643.5
,,,1551.5,691.5
JG170712-022,EN,150,1367.5,639.5
,,141.128,1243.5,735.5
,,138.293,1243.5,763.5
,,,1355.5,771.5
,,,1535.5,756.833
,,,1566.167,792.833
JG170712-028,EN,138.033,1315.5,619.5
,,138.033,1183.5,722.5
,,147.122,1183.5,764.5
,,,1315.5,752.5
,,,1480.5,722.5
,,,1531.5,764.5
JG170712-049,EN,148.054,1332,472
,,136.059,1185.5,569.5
,,144.222,1193.5,597.5
,,,1321.5,599.5
,,,1497.5,569.5
,,,1539.5,613.5
JL190619-006,EN,144.056,1371.5,499.5
,,124.064,1187.5,619.5
,,140,1215.5,647.5
,,,1369.5,663.5
,,,1591.5,643.5
,,,1643.5,703.5
AOI190709-001,IA,180.1,1154,1082
,,171.105,1284.833,1151.5
,,171.026,1276.833,1174.167
,,,1176.833,1188.833
,,,1020.833,1196.833
,,,986.167,1231.5
FJ170709-063,IA,165.027,1337,597
,,168.027,1456.833,699.5
,,168.027,1442.167,716.833
,,,1346.167,707.5
,,,1175.5,679.5
,,,1138.167,706.167
FJ170712-011,IA,171,1141,548
,,171.026,1278.167,632.167
,,168.027,1262.167,650.833
,,,1166.167,664.167
,,,984.833,660.167
,,,950.167,696.167
FJ190711-001,IA,171.026,1200,504
,,171,1415.5,627.5
,,171.026,1403.5,663.5
,,,1237.5,685.5
,,,995.5,689.5
,,,953.5,767.5
FJ190827-007,IA,180.025,1552,390
,,174.026,1717.5,511.5
,,183.025,1705.5,531.5
,,,1549.5,523.5
,,,1359.5,499.5
,,,1317.5,553.5
FJ190827-009,IA,249.018,1786,325
,,246.018,1983.5,494.5
,,249.018,1963.5,520.5
,,,1781.5,512.5
,,,1499.5,456.5
,,,1441.5,516.5
FJ190827-017,IA,156.029,1718,597
,,159.028,1875.5,676.5
,,168.027,1865.5,698.5
,,,1747.5,716.5
,,,1545.5,716.5
,,,1517.5,764.5
JG170708-021,IA,174.026,1250,555
,,171,1373.5,658.5
,,180,1361.5,676.5
,,,1251.5,674.5
,,,1081.5,646.5
,,,1045.5,686.5
JG170712-022,IA,165.027,1228,647
,,174.103,1362.167,745.167
,,174.233,1350.167,766.5
,,,1236.833,769.167
,,,1055.5,753.167
,,,1023.5,790.5
JG170712-028,IA,177,1276,626
,,174.026,1411.5,732.833
,,165.027,1396.833,748.833
,,,1282.167,748.833
,,,1104.833,727.5
,,,1064.833,759.5
JG170712-049,IA,177.025,1264.833,474.833
,,165,1414.167,572.167
,,180.025,1394.167,593.5
,,,1272.833,598.833
,,,1088.833,569.5
,,,1054.167,617.5
JL190619-006,IA,174.011,1226,506
,,180.011,1399.5,621.5
,,176.045,1379.5,649.5
,,,1219.5,657.5
,,,997.5,641.5
,,,955.5,703.5
AOI190709-001,JB,150,1071,486
,,135.133,1184.5,585.5
,,135.033,1170.5,601.5
,,,1068.5,597.5
,,,922.5,565.5
,,,874.5,601.5
FJ170709-063,JB,144,1331,591
,,150,1454.5,696.5
,,144,1442.5,714.5
,,,1342.5,710.5
,,,1180.5,674.5
,,,1136.5,710.5
FJ170712-011,JB,141,1140,548
,,144,1273.5,627.5
,,144,1259.5,647.5
,,,1163.5,661.5
,,,985.5,661.5
,,,949.5,703.5
FJ190711-001,JB,144,1197,507
,,147.031,1406.5,626.5
,,141,1400.5,662.5
,,,1226.5,686.5
,,,998.5,683.5
,,,956.5,758.5
FJ190827-007,JB,153,1581,912
,,144.031,1718.5,1043.5
,,156,1706.5,1073.5
,,,1565.5,1055.5
,,,1367.5,1001.5
,,,1316.5,1052.5
FJ190827-009,JB,198,1767,321
,,210,1964.5,485.5
,,204,1949.5,509.5
,,,1775.5,503.5
,,,1502.5,452.5
,,,1430.5,509.5
FJ190827-017,JB,141,1707,594
,,156,1865.5,674.5
,,144,1856.5,695.5
,,,1742.5,713.5
,,,1541.5,716.5
,,,1511.5,758.5
JG170708-021,JB,135,1245,549
,,135,1361.5,647.5
,,138.033,1355.5,677.5
,,,1241.5,671.5
,,,1076.5,641.5
,,,1031.5,683.5
JG170712-022,JB,144,1215,648
,,144.031,1352.5,737.5
,,138.033,1343.5,761.5
,,,1235.5,770.5
,,,1061.5,749.5
,,,1022.5,797.5
JG170712-028,JB,144,1266,618
,,147,1406.5,728.5
,,144,1394.5,752.5
,,,1274.5,752.5
,,,1112.5,722.5
,,,1064.5,764.5
JG170712-049,JB,144,1257,468
,,144,1403.5,575.5
,,141,1394.5,596.5
,,,1271.5,599.5
,,,1091.5,572.5
,,,1040.5,620.5
JL190619-006,JB,144,1218,495
,,147,1388.5,617.5
,,138,1388.5,650.5
,,,1214.5,659.5
,,,995.5,638.5
,,,938.5,707.5
AOI190709-001,JR,142,1152,1078
,,141.014,1282.833,1151.5
,,142.004,1272.167,1171.5
,,,1174.833,1188.833
,,,1026.833,1191.5
,,,986.833,1228.833
FJ170709-063,JR,139.014,1337,594
,,140.004,1454.167,695.167
,,136.033,1442.167,715.167
,,,1344.833,708.5
,,,1179.5,675.167
,,,1135.5,709.833
FJ170712-011,JR,139.014,1139,548
,,138.004,1275.167,630.167
,,142,1260.5,650.167
,,,1159.167,663.5
,,,987.167,660.833
,,,951.167,700.833
FJ190711-001,JR,141.004,1197,501
,,140.004,1410.5,628.5
,,142.014,1394.5,658.5
,,,1222.5,686.5
,,,998.5,686.5
,,,956.5,760.5
FJ190827-007,JR,140,1578,908
,,141,1729.5,1048.167
,,142.004,1708.167,1069.5
,,,1558.833,1050.833
,,,1369.5,1001.5
,,,1316.167,1052.167
FJ190827-009,JR,205.061,1772,314
,,204.061,1971.5,485.5
,,204.157,1949.5,515.5
,,,1773.5,507.5
,,,1501.5,451.5
,,,1431.5,517.5
FJ190827-017,JR,141,1710,592
,,142.014,1866.833,674.167
,,139.014,1858.833,692.833
,,,1740.167,711.5
,,,1544.167,712.833
,,,1514.833,762.167
JG170708-021,JR,139.014,1243,552
,,140.014,1368.5,654.833
,,139.004,1356.5,677.5
,,,1245.833,676.167
,,,1079.167,644.167
,,,1033.833,681.5
JG170712-022,JR,139.004,1220,647
,,141.057,1357.5,743.5
,,141.014,1344.5,763.5
,,,1230.5,769.5
,,,1060.5,752.5
,,,1021.5,795.5
JG170712-028,JR,140.014,1267,621
,,138.033,1407.167,725.167
,,143.031,1391.167,749.167
,,,1276.5,750.5
,,,1109.833,723.833
,,,1060.5,762.5
JG170712-049,JR,139.014,1259,469
,,140.014,1408.5,572.833
,,141.057,1392.5,595.5
,,,1269.833,598.167
,,,1095.167,571.5
,,,1049.833,620.833
JL190619-006,JR,140.004,1212,497
,,137,1393.5,622.5
,,143.003,1376.167,647.833
,,,1210.833,659.833
,,,994.833,642.167
,,,949.5,703.5
AOI190709-001,MV,141.004,1072,485
,,143.003,1186.167,585.833
,,140,1170.167,601.833
,,,1071.5,596.5
,,,923.5,564.5
,,,874.167,595.167
FJ170709-063,MV,139.032,1335,593
,,138.014,1455.833,695.167
,,140.014,1441.167,711.167
,,,1342.5,707.833
,,,1179.167,676.5
,,,1138.5,711.167
FJ170712-011,MV,142.004,1141,547
,,139.004,1275.5,628.167
,,140.004,1258.167,650.833
,,,1158.167,662.833
,,,986.167,658.833
,,,948.833,700.167
FJ190711-001,MV,142,1216,1006
,,142.004,1393.5,1191.5
,,142.004,1367.5,1215.5
,,,1189.5,1191.5
,,,969.5,1125.5
,,,897.5,1189.5
FJ190827-007,MV,142,1557,389
,,142.004,1711.5,504.5
,,139.004,1702.167,524.5
,,,1554.167,523.167
,,,1359.5,495.167
,,,1315.5,555.167
FJ190827-009,MV,202.158,1770,312
,,206.155,1973.5,485.5
,,204.039,1951.5,511.5
,,,1775.5,507.5
,,,1499.5,455.5
,,,1431.5,517.5
FJ190827-017,MV,143,1710,591
,,141,1869.833,673.5
,,140,1859.167,692.167
,,,1741.833,713.5
,,,1541.833,713.5
,,,1515.167,760.167
JG170708-021,MV,139.032,1075,1054
,,136.033,1207.167,1149.5
,,137.015,1199.167,1172.167
,,,1083.167,1174.833
,,,920.5,1156.167
,,,887.167,1200.167
JG170712-022,MV,140,1220,646
,,140.014,1357.5,744.5
,,139.014,1345.5,764.5
,,,1231.5,766.5
,,,1059.5,750.5
,,,1022.5,792.5
JG170712-028,MV,141,1268,623
,,140,1407.5,725.5
,,139.004,1389.5,746.5
,,,1275.5,749.5
,,,1107.5,723.5
,,,1062.5,761.5
JG170712-049,MV,137,1260,470
,,140.014,1406.5,572.5
,,138.004,1389.5,594.5
,,,1267.5,597.5
,,,1094.5,571.5
,,,1049.5,616.5
JL190619-006,MV,141.001,1213,499
,,142.501,1391.5,623.5
,,141.504,1374.5,648.5
,,,1210.5,659.5
,,,996.5,640.5
,,,947.5,700.5
AOI190709-001,MLP,202.667,1073,489
,,219.333,1189.228,585.292
,,208.333,1171.084,606.028
,,,1069.996,595.66
,,,917.068,567.148
,,,873.004,595.66
FJ170709-063,MLP,141.032,1335,597
,,141.032,1457.5,695.5
,,144,1445.5,713.5
,,,1346.5,710.5
,,,1175.5,677.5
,,,1139.5,710.5
FJ170712-011,MLP,141,1140,546
,,141,1274.5,626.5
,,138,1265.5,650.5
,,,1160.5,665.5
,,,986.5,659.5
,,,947.5,701.5
FJ190711-001,MLP,135.033,1197,501
,,147.122,1412.5,629.5
,,138.033,1397.5,662.5
,,,1226.5,689.5
,,,995.5,686.5
,,,953.5,764.5
FJ190827-007,MLP,147.031,1581,915
,,138.033,1730.5,1043.5
,,147.122,1712.5,1070.5
,,,1565.5,1052.5
,,,1373.5,998.5
,,,1316.5,1052.5
FJ190827-009,MLP,204.022,1773,312
,,204,1967.5,485.5
,,204.088,1952.5,515.5
,,,1778.5,506.5
,,,1496.5,455.5
,,,1436.5,512.5
FJ190827-017,MLP,144.031,1713,594
,,147,1868.5,671.5
,,144.281,1859.5,701.5
,,,1742.5,716.5
,,,1541.5,716.5
,,,1517.5,767.5
JG170708-021,MLP,138,1245,552
,,138,1370.5,653.5
,,147,1355.5,677.5
,,,1250.5,677.5
,,,1076.5,647.5
,,,1040.5,680.5
JG170712-022,MLP,132,1218,645
,,141.032,1355.5,743.5
,,144,1346.5,764.5
,,,1235.5,770.5
,,,1055.5,752.5
,,,1022.5,791.5
JG170712-028,MLP,135,1269,621
,,141,1406.5,725.5
,,153,1400.5,752.5
,,,1283.5,752.5
,,,1106.5,725.5
,,,1064.5,761.5
JG170712-049,MLP,141,1263,468
,,138.033,1409.5,572.5
,,141,1394.5,596.5
,,,1274.5,602.5
,,,1091.5,572.5
,,,1049.5,620.5
JL190619-006,MLP,147.122,1218,498
,,141.032,1388.5,617.5
,,141,1388.5,650.5
,,,1217.5,662.5
,,,989.5,644.5
,,,947.5,698.5
AOI190709-001,RC,106.02,1153,1077
,,103.02,1283.5,1147.5
,,105,1271.5,1170.167
,,,1176.833,1188.833
,,,1023.5,1192.833
,,,982.167,1228.833
FJ170709-063,RC,108.02,1329,588
,,104.02,1454.5,698.5
,,102.18,1448.5,722.5
,,,1346.5,716.5
,,,1172.5,674.5
,,,1136.5,716.5
FJ170712-011,RC,100.32,1138,548
,,106.02,1273.5,629.5
,,100.02,1259.5,651.5
,,,1155.5,659.5
,,,983.5,657.5
,,,947.5,699.5
FJ190711-001,RC,105,1200,501
,,105.04,1415.5,620.5
,,102,1397.5,659.5
,,,1223.5,683.5
,,,998.5,686.5
,,,956.5,761.5
FJ190827-007,RC,106.02,1574,900
,,106,1733.5,1045.5
,,106,1711.5,1073.5
,,,1559.5,1051.5
,,,1373.5,995.5
,,,1319.5,1051.5
FJ190827-009,RC,147.03,1722,1047
,,148.54,1937.5,1196.5
,,153.29,1925.5,1235.5
,,,1748.5,1235.5
,,,1481.5,1202.5
,,,1409.5,1271.5
FJ190827-017,RC,104.02,1709,592
,,102.8,1864.5,673.5
,,101,1862.5,693.5
,,,1742.5,711.5
,,,1540.5,711.5
,,,1514.5,765.5
JG170708-021,RC,102.04,1076,1050
,,105.04,1207.5,1143.5
,,105,1201.5,1171.5
,,,1081.5,1173.5
,,,921.5,1155.5
,,,885.5,1201.5
JG170712-022,RC,106.08,1217,641
,,104.08,1358.5,740.5
,,106.17,1342.5,764.5
,,,1230.5,768.5
,,,1058.5,748.5
,,,1018.5,792.5
JG170712-028,RC,102.02,1268,616
,,104.02,1409.5,727.5
,,100,1397.5,751.5
,,,1273.5,749.5
,,,1105.5,719.5
,,,1055.5,763.5
JG170712-049,RC,102,1256,466
,,106,1409.5,573.5
,,104.02,1389.5,595.5
,,,1269.5,595.5
,,,1093.5,571.5
,,,1043.5,617.5
JL190619-006,RC,105,1218,495
,,105.04,1391.5,617.5
,,102.4,1388.5,644.5
,,,1211.5,656.5
,,,995.5,635.5
,,,941.5,704.5
AOI190709-001,RAK,102,1152,1077
,,109,1283.5,1148.5
,,102.044,1284.5,1169.5
,,,1178.5,1193.5
,,,1025.5,1193.5
,,,986.5,1229.5
FJ170709-063,RAK,102.176,1335,588
,,100.05,1460.5,695.5
,,102.176,1448.5,716.5
,,,1346.5,710.5
,,,1184.5,677.5
,,,1136.5,716.5
FJ170712-011,RAK,105.171,1136.5,548.5
,,102.176,1274.5,626.5
,,105.043,1271.5,656.5
,,,1163.5,665.5
,,,989.5,656.5
,,,950.5,701.5
FJ190711-001,RAK,100.05,1194,501
,,109.045,1406.5,623.5
,,109.045,1394.5,665.5
,,,1223.5,692.5
,,,995.5,692.5
,,,950.5,761.5
FJ190827-007,RAK,96.187,1574.5,902.5
,,105,1730.5,1049.5
,,99.045,1715.5,1070.5
,,,1568.5,1055.5
,,,1373.5,1001.5
,,,1316.5,1049.5
FJ190827-009,RAK,150.12,1716,1050
,,153,1946.5,1202.5
,,153.47,1925.5,1238.5
,,,1754.5,1238.5
,,,1478.5,1208.5
,,,1409.5,1274.5
FJ190827-017,RAK,113.048,1713,588
,,100.2,1871.5,668.5
,,112.396,1859.5,698.5
,,,1736.5,707.5
,,,1541.5,707.5
,,,1517.5,767.5
JG170708-021,RAK,114.039,1074,1053
,,117.154,1208.5,1157.5
,,120,1202.5,1172.5
,,,1079.5,1178.5
,,,920.5,1160.5
,,,878.5,1202.5
JG170712-022,RAK,114,1221,645
,,114.039,1361.5,749.5
,,120.337,1346.5,770.5
,,,1232.5,773.5
,,,1058.5,755.5
,,,1016.5,791.5
JG170712-028,RAK,114.039,1269,621
,,117.038,1409.5,728.5
,,123,1397.5,752.5
,,,1280.5,749.5
,,,1109.5,728.5
,,,1058.5,767.5
JG170712-049,RAK,120,1260,468
,,123,1409.5,569.5
,,132,1391.5,599.5
,,,1262.5,599.5
,,,1091.5,572.5
,,,1040.5,620.5
JL190619-006,RAK,135.033,981,1053
,,135.133,1145.5,1208.5
,,141.128,1136.5,1235.5
,,,968.5,1217.5
,,,755.5,1160.5
,,,689.5,1214.5
AOI190709-001,TSB,147.003,1072,486
,,143.056,1183.833,585.833
,,139.004,1167.833,604.5
,,142,1070.5,599.167
,,141.014,919.833,565.833
,,,869.167,597.833
FJ170709-063,TSB,138.014,1331,591
,,140.057,1457.167,697.833
,,138.058,1438.5,716.5
,,138.177,1339.833,711.167
,,147.085,1178.5,677.833
,,,1137.167,711.167
FJ170712-011,TSB,136.015,1135,546
,,139.014,1275.167,627.5
,,143,1257.833,656.833
,,137.179,1156.5,664.833
,,137.015,985.833,659.5
,,,951.167,700.833
FJ190711-001,TSB,141.004,1196,499
,,137.015,1413.5,628.5
,,141.004,1395.5,666.5
,,137.033,1219.5,690.5
,,145.003,999.5,684.5
,,,955.5,758.5
FJ190827-007,TSB,147,1578,909
,,141.032,1731.167,1048.833
,,140.032,1711.167,1072.833
,,137.233,1557.833,1051.5
,,139.129,1369.833,1000.833
,,,1316.5,1054.167
FJ190827-009,TSB,198.162,1724,1052
,,202.356,1943.5,1201.5
,,202.158,1927.5,1235.5
,,200.36,1743.5,1237.5
,,206.475,1477.5,1205.5
,,,1409.5,1277.5
FJ190827-017,TSB,140.057,1710,592
,,144.125,1869.5,679.5
,,142.056,1859.5,697.5
,,140.057,1739.5,713.5
,,140.129,1545.5,713.5
,,,1511.5,765.5
JG170708-021,TSB,137.091,1242,552
,,136.033,1366.833,657.167
,,139.058,1353.5,677.167
,,140.129,1245.5,675.833
,,138.293,1080.167,645.167
,,,1038.833,683.833
JG170712-022,TSB,139.129,1142,1140
,,137.295,1277.5,1251.5
,,143.283,1263.5,1271.5
,,136.235,1139.5,1263.5
,,137.233,971.5,1231.5
,,,925.5,1275.5
JG170712-028,TSB,140.129,1265,622
,,143.283,1406.5,728.833
,,140.357,1391.833,751.5
,,137.525,1274.5,751.5
,,139.607,1109.167,723.5
,,,1059.833,762.167
JG170712-049,TSB,135.004,1257,470
,,138.004,1409.167,575.5
,,139,1391.833,596.833
,,138,1266.5,598.167
,,140,1093.167,571.5
,,,1046.5,618.167
JL190619-006,TSB,140.032,1215,501
,,142.004,1394.5,626.5
,,140.032,1374.5,650.5
,,144.087,1210.5,662.5
,,140.057,996.5,642.5
,,,950.5,708.5
AOI190709-001,WH,140.004,1072,483
,,143.003,1187.5,584.5
,,139,1167.5,600.5
,,,1069.5,595.5
,,,921.5,562.5
,,,871.5,595.5
FJ170709-063,WH,142.004,1334,594
,,142,1456.5,693.5
,,140,1438.5,712.5
,,,1342.5,708.5
,,,1178.5,673.5
,,,1137.5,711.5
FJ170712-011,WH,140.014,1140.167,549.833
,,140.004,1276.167,626.5
,,142,1259.5,648.5
,,,1156.167,663.167
,,,985.833,659.833
,,,948.5,701.167
FJ190711-001,WH,139.004,1196,498
,,142,1411.5,625.5
,,141.004,1391.5,659.5
,,,1223.5,685.5
,,,995.5,681.5
,,,955.5,763.5
FJ190827-007,WH,141.004,1577,908
,,141,1727.5,1044.833
,,141.001,1708.833,1066.167
,,,1560.833,1047.5
,,,1370.167,999.5
,,,1315.5,1051.5
FJ190827-009,WH,206,1773,323
,,202,1970.5,484.5
,,203,1952.5,512.5
,,,1772.5,504.5
,,,1502.5,450.5
,,,1418.5,518.5
FJ190827-017,WH,141.014,1707.833,592.167
,,139.004,1866.5,672.167
,,141,1861.167,693.5
,,,1739.833,710.833
,,,1543.833,713.5
,,,1517.167,760.167
JG170708-021,WH,141,1248,555
,,139,1368.5,654.5
,,141,1351.5,674.5
,,,1242.5,674.5
,,,1080.5,642.5
,,,1038.5,680.5
JG170712-022,WH,141,1225,647
,,141,1357.167,740.167
,,141,1342.5,761.5
,,,1230.5,766.833
,,,1058.5,749.5
,,,1021.167,792.167
JG170712-028,WH,140,1268,622
,,142,1406.167,724.167
,,140,1390.167,748.167
,,,1270.167,750.833
,,,1108.833,721.5
,,,1064.833,761.5
JG170712-049,WH,140,1261,472
,,141,1407.5,573.5
,,140,1389.5,595.5
,,,1266.5,597.5
,,,1094.5,572.5
,,,1049.5,619.5
JL190619-006,WH,142,1213,500
,,143.003,1392.5,619.5
,,141,1375.167,648.833
,,,1211.167,659.5
,,,995.167,636.833
,,,947.167,702.167
AOI190709-001,DRA,134,1074,1461
,,138.05796,1188,1354
,,140,1168,1339
,,,1071,1344
,,,922,1376
,,,870,1343
FJ170709-063,DRA,137.0146,1257,1352
,,140.01428,1135,1244
,,140.01428,1147,1226
,,,1245,1234
,,,1412,1267
,,,1456,1231
FJ170712-011,DRA,136.02614,1452,1399
,,140.02539,1314.66663,1315
,,140.05713,1330.66663,1291
,,,1433.33337,1280.33331
,,,1605.33337,1283
,,,1642.66663,1239
FJ190711-001,DRA,136.05881,1394,1441
,,144.05554,1180,1317
,,136,1188,1281
,,,1368,1257
,,,1594,1259
,,,1636,1177
FJ190827-007,DRA,142.66667,1036,1551.33334
,,140.00635,880,1435.33334
,,141.33962,888,1415.33331
,,139.0036,1038.66663,1418
,,141.33687,1229.33337,1443.33334
,,140.02539,1277.33337,1386
FJ190827-009,DRA,201.08953,819,1631
,,204.19843,618,1457
,,204.19843,630,1427
,,,816,1436
,,,1089,1490
,,,1164,1424
FJ190827-017,DRA,136,880.33331,1350.33331
,,146.69091,723,1267.66669
,,138.66667,729.66669,1249
,,,852.33331,1231.66669
,,,1047,1227.66669
,,,1075,1179.66669
JG170708-021,DRA,136.01471,1348.33337,1394.66669
,,141.35259,1219,1286.66669
,,137.35922,1235,1266.66669
,,,1347,1268
,,,1512.33337,1298.66669
,,,1553.66663,1258.66669
JG170712-022,DRA,137.35922,1370.33337,1298.66669
,,141.35849,1230.33337,1197.33331
,,138.69231,1246.33337,1177.33331
,,,1361,1172
,,,1531.66663,1192
,,,1567.66663,1146.66669
JG170712-028,DRA,136.05881,1324,1323.66669
,,141.38993,1182.66663,1215.66669
,,138.69231,1196,1193
,,,1317.33337,1195.66669
,,,1482.66663,1222.33331
,,,1533.33337,1181
JG170712-049,DRA,140.05713,1334.33337,1473.66666
,,138.67308,1182.33337,1367
,,140.02539,1195.66663,1347
,,,1322.33337,1341.66669
,,,1501,1371
,,,1541,1320.33331
JL190619-006,DRA,142.66667,1376.33337,1441.33334
,,138.69231,1197.66663,1321.33331
,,136.00654,1215,1290.66669
,,,1379,1282.66669
,,,1596.33337,1304
,,,1643,1237.33331
